date,request_id,step,agent,tier,reason_for_tier,result,redo_count,notes
2026-09-24,v38-console,D1 routing and budget memo,decision,medium,floor; routine routing decision,DONE (45k tokens),0,internal build of the EXPIRA Console v38
2026-09-24,v38-console,R1 motion engine research,research,medium,floor; no conflicting sources yet,pending,0,emergence from the click point; shadow-safe reveals; springs; physics displacement; metaball budding
2026-09-24,v38-console,R2 trace and footer research,research,medium,floor,DONE (143k tokens),0,execution-trace flow charts; footer action patterns
2026-09-24,v38-console,Q0 test-first acceptance QA,reviewer,medium,floor,pending,0,acceptance tests for M1-M4 run red on v37 first
2026-09-24,v38-console,P0 performance baseline,reviewer,medium,floor; optimiser role mapped to reviewer (Bash for profiling; no edits),pending,0,perf script and ranked hot spots
2026-09-24,v38-console,M1a emerge engine,builder,medium,only builder tier (per D1),pending,0,shadow-safe openings from the click point; all surfaces; budget 350k
2026-09-24,v38-console,M2 footer,builder,medium,only builder tier (per D1),pending,0,separate buttons and status stamp; budget 180k
2026-09-24,v38-console,M3a trace data and mini map,builder,medium,only builder tier (per D1),pending,0,execution order data and swimlane mini map; budget 300k
2026-09-24,v38-console,M4 buffered Field births,builder,medium,only builder tier (per D1),pending,0,queue plus swell/neck/release budding; budget 220k
2026-09-24,v38-console,M3b Dispatch Flow redesign,builder,medium,only builder tier (per D1),pending,0,TraceMap engine (full + mini presets) per trace.md; budget 400k
